<?xml version="1.0" encoding="UTF-8" standalone="yes" ?>
<appProperties xmlns="http://schemas.mathworks.com/matlab/app/2012/appProperties" signature="4D226BA515322ED6ED5108C9F71A012A9DDF397B">

  <entryPoint>IVgetter</entryPoint>

  <name>IVgetter</name>

  <version>1.25</version>

  <createdByMATLABRelease>(R2021b)</createdByMATLABRelease>

  <GUID>32387118-2f60-48d8-a51f-f563a9aa4454</GUID>

  <author>
    <name>Andres Canales</name>
    <contact>andres.canales@advancedsilicongroup.com</contact>
    <organization>ASG</organization>
  </author>

  <supportedPlatforms/>

  <requiredProducts/>

  <numFiles>9</numFiles>

  <created>2022-03-03T21:57:25Z</created>

  <appEntries>
    <appFile>/IVgetter/CSVtoMat.m</appFile>
    <appFile>/IVgetter/ProperRange.m</appFile>
    <appFile>/IVgetter/colors.m</appFile>
    <appFile>/IVgetter/Success.mp3</appFile>
    <appFile>/IVgetter/IVgetter.mlapp</appFile>
    <appFile>/IVgetter/Warning.mp3</appFile>
    <appFile>/IVgetter/Error.mp3</appFile>
    <appFile>/IVgetter/AnalyzeIVData.m</appFile>
    <appFile>/BioprocessDataAnalysis/IVgetterMat2Xls.m</appFile>
  </appEntries>

</appProperties>
