<?xml version="1.0" encoding="UTF-8" standalone="yes" ?>
<fileEntries xmlns="http://schemas.mathworks.com/package/2013/filesystemManifest" createdByEncoding="windows-1252" createdByPlatform="win64" version="2.0">
  <fileEntry content="/fsroot/BioprocessDataAnalysis/IVgetterMat2Xls.m" date="2020-07-16T17:48:07Z" name="/BioprocessDataAnalysis/IVgetterMat2Xls.m" permissions="010666" type="File"/>
  <fileEntry content="/fsroot/IVgetter/AnalyzeIVData.m" date="2020-06-12T13:38:42Z" name="/IVgetter/AnalyzeIVData.m" permissions="010666" type="File"/>
  <fileEntry content="/fsroot/IVgetter/CSVtoMat.m" date="2021-10-12T15:54:51Z" name="/IVgetter/CSVtoMat.m" permissions="010666" type="File"/>
  <fileEntry content="/fsroot/IVgetter/Error.mp3" date="2020-07-14T18:26:03Z" name="/IVgetter/Error.mp3" permissions="010666" type="File"/>
  <fileEntry content="/fsroot/IVgetter/IVgetter.mlapp" date="2022-03-03T21:56:42Z" name="/IVgetter/IVgetter.mlapp" permissions="010666" type="File"/>
  <fileEntry content="/fsroot/IVgetter/ProperRange.m" date="2020-05-19T13:57:29Z" name="/IVgetter/ProperRange.m" permissions="010666" type="File"/>
  <fileEntry content="/fsroot/IVgetter/Success.mp3" date="2020-07-14T18:26:18Z" name="/IVgetter/Success.mp3" permissions="010666" type="File"/>
  <fileEntry content="/fsroot/IVgetter/Warning.mp3" date="2020-07-14T18:25:42Z" name="/IVgetter/Warning.mp3" permissions="010666" type="File"/>
  <fileEntry content="/fsroot/IVgetter/colors.m" date="2021-06-10T18:58:19Z" name="/IVgetter/colors.m" permissions="010666" type="File"/>
</fileEntries>
